{
  "baseline_perfect": 1.0,
  "n_frames": 200,
  "n_boxes": 2767,
  "score_sweep": {
    "labels": [
      "sin FP",
      "0.1",
      "0.3",
      "0.5",
      "0.7",
      "0.9",
      "0.99"
    ],
    "macro_ap": [
      1.0,
      1.0,
      1.0,
      1.0,
      0.8156130669122087,
      0.6024303573467252,
      0.5250906861984271
    ],
    "fp_frac": 0.3
  },
  "count_sweep": {
    "fp_frac": [
      0.0,
      0.1,
      0.25,
      0.5,
      0.75,
      1.0,
      1.5
    ],
    "macro_ap": [
      1.0,
      0.786202195176468,
      0.6392330648727718,
      0.5451690466725188,
      0.45824897391105085,
      0.4505985686675644,
      0.4129397703200726
    ],
    "fp_score": 0.9
  }
}